name,role,group,photo,crop,email,contact_for,show,order,notes
Prisha Sathya,Co-President,senior,Prisha.jpg,,,,TRUE,1,
Mokshada Seeballuck,Co-President,senior,Mokshada.jpg,,,,TRUE,2,
Rayner Dcunha,Co-VP Finance,senior,,,,,TRUE,3,Needs a headshot
Aymaan Khan,Co-VP Finance,senior,,,,,TRUE,4,Needs a headshot
Panagiotis Dravilas,Director of Hackathon,senior,Panagiotis.jpg,,,,TRUE,5,
Brandon Mendez,Co-VP Internal,senior,Brandon.jpg,,,,TRUE,6,
Sam Gillies,Co-VP Internal,senior,,,,,TRUE,7,Needs a headshot
Oghenekaro Egbevurie,VP External,senior,Karo.jpg,,,,TRUE,8,
Samridh Singh Mahal,VP Social,senior,,,,,TRUE,9,Needs a headshot
Krish Tiwari,VP Academic,senior,Krish2.png,,,,TRUE,10,
